{
    "createAccount": "createAccount",
    "balance": "balance",
    "transferUser": "transferUser",
    "transferAdmin" : "transferAdmin",
    "transaction" : "transaction",
    "testAPI" : "testAPI",
    "login" : "login",
    "signUp" : "signUp",
    "generateOTPToken" : "generateOTPToken",
    "turnOn2FA" : "turnOn2FA",
    "turnOff2FA" : "turnOff2FA",
    "buyPackage" : "buyPackage",
    "totalBuyPackage" : "totalBuyPackage",
    "dailyInterestasync" : "dailyInterestasync",
    "getAllWallet" : "getAllWallet",
    "getProfileUser" :"getProfileUser",
    "updateProfileUser" : "updateProfileUser",
    "updatePassword": "updatePassword",
    "transfer" : "transfer",
    "loginSave" :"loginSave",
    "widthDraw" : "widthDraw",
    "getHistoryWidthDraw" : "getHistoryWidthDraw",
    "getHistoryCommission" : "getHistoryCommission",
    "getParent" : "getParent",
    "activeAccount" : "activeAccount",
    "preSale" : "preSale",
    "depositStaking" : "depositStaking",
    "test" : "test",
    "getMemberVip" : "getMemberVip",
    "transferCommunity" : "transferCommunity",
    "transferQGC": "transferQGC",
    "getHistoryTransfer" : "getHistoryTransfer",
    "getHistoryPresale" : "getHistoryPresale",
    "getHistoryStaking" : "getHistoryStaking",
    "getEmailToUserName" : "getEmailToUserName",
    "getHistoryDepositStaking" : "getHistoryDepositStaking",
    "getHistoryCommunity" : "getHistoryCommunity",
    "buyToken" : "buyToken",
    "getHistoryBuyToken" : "getHistoryBuyToken",
    "withdrawalsInternal" : "withdrawalsInternal",
    "getHistoryWithdrawalsInternal" : "getHistoryWithdrawalsInternal",
    "testPlophix" : "testPlophix",
    "forgotPassword" : "forgotPassword",
    "sendMailForgotPassword" : "sendMailForgotPassword",
    "getListUser" : "getListUser",
    "sreachListUserToUserName" : "sreachListUserToUserName",
    "getAllListUser" : "getAllListUser",
    "sreachAllListUserToUserName" : "sreachAllListUserToUserName",
    "getListUserBalance" : "getListUserBalance",
    "depositUSDT" : "depositUSDT",
    "depositQGC" : "depositQGC",
    "dailyInterestQGC" : "dailyInterestQGC",
    "getHistoryWidthDrawAll" : "getHistoryWidthDrawAll",
    "updateWidthDrawStatus" : "updateWidthDrawStatus",
    "getHistoryDeposit" : "getHistoryDeposit",
    "getHistoryDepositAdmin" : "getHistoryDepositAdmin",
    "getMemberVipToIdUser" : "getMemberVipToIdUser",
    "verifyRecaptcha" : "verifyRecaptcha",
    "privatePresale" : "privatePresale",
    "getLeverUser" : "getLeverUser",
    "activeEmail" : "activeEmail",
    "getAllUserToAdmin" : "getAllUserToAdmin",
    "sreachListUserToUserNameActive" : "sreachListUserToUserNameActive",
    "activeAccountAdmin" : "activeAccountAdmin",
    "getPasswordToEmail" : "getPasswordToEmail",
    "collaborators" : "collaborators",
    "member" : "member",
    "membervip" : "membervip",
    "membervip1star":"membervip1star",
    "membervip2star":"membervip2star",
    "membervip3star":"membervip3star",
    "membervip4star":"membervip4star",
    "membervip5star":"membervip5star",
    "membervip6star":"membervip6star",
    "membervip7star":"membervip7star",
    "membervip8star":"membervip8star",
    "membervip9star":"membervip9star",
    "membervip10star":"membervip10star",
    "membervip11star":"membervip11star",
    "membervip12star":"membervip12star",
    "getCountry" : "getCountry",
    "isActiveAccountAdmin" : "isActiveAccountAdmin"


    
}